region_en,2020-10-01,2020-10-02,2020-10-03,2020-10-04,2020-10-05,2020-10-06,2020-10-07,2020-10-08,2020-10-09,2020-10-10,2020-10-11,2020-10-12,2020-10-13,2020-10-14,2020-10-15,2020-10-16,2020-10-17,2020-10-18,2020-10-19,2020-10-20,2020-10-21,2020-10-22,2020-10-23,2020-10-24,2020-10-25,2020-10-26,2020-10-27,2020-10-28,2020-10-29,2020-10-30,2020-10-31,2020-11-01,2020-11-02,2020-11-03,2020-11-04,2020-11-05,2020-11-06,2020-11-07,2020-11-08,2020-11-09,2020-11-10,2020-11-11,2020-11-12,2020-11-13,2020-11-14,2020-11-15,2020-11-16,2020-11-17,2020-11-18,2020-11-19,2020-11-20,2020-11-21,2020-11-22,2020-11-23,2020-11-24,2020-11-25,2020-11-26,2020-11-27,2020-11-28,2020-11-29,2020-11-30,2020-12-01,2020-12-02,2020-12-03,2020-12-04,2020-12-05,2020-12-06,2020-12-07,2020-12-08,2020-12-09,2020-12-10,2020-12-11,2020-12-12,2020-12-13,2020-12-14,2020-12-15,2020-12-16,2020-12-17,2020-12-18,2020-12-19,2020-12-20,2020-12-21,2020-12-22,2020-12-23,2020-12-24,2020-12-25,2020-12-26,2020-12-27,2020-12-28,2020-12-29,2020-12-30,2020-12-31,2021-01-01,2021-01-02,2021-01-03,2021-01-04,2021-01-05,2021-01-06,2021-01-07,2021-01-08,2021-01-09,2021-01-10,2021-01-11,2021-01-12,2021-01-13,2021-01-14,2021-01-15,2021-01-16,2021-01-17,2021-01-18,2021-01-19,2021-01-20,2021-01-21,2021-01-22,2021-01-23,2021-01-24,2021-01-25,2021-01-26,2021-01-27,2021-01-28,2021-01-29,2021-01-30,2021-01-31,2021-02-01,2021-02-02,2021-02-03,2021-02-04,2021-02-05,2021-02-06,2021-02-07,2021-02-08,2021-02-09,2021-02-10,2021-02-11,2021-02-12,2021-02-13,2021-02-14,2021-02-15,2021-02-16,2021-02-17,2021-02-18,2021-02-19,2021-02-20,2021-02-21,2021-02-22,2021-02-23,2021-02-24,2021-02-25,2021-02-26,2021-02-27,2021-02-28,2021-03-01,2021-03-02,2021-03-03,2021-03-04,2021-03-05,2021-03-06,2021-03-07,2021-03-08,2021-03-09,2021-03-10,2021-03-11,2021-03-12,2021-03-13,2021-03-14,2021-03-15,2021-03-16,2021-03-17,2021-03-18,2021-03-19,2021-03-20,2021-03-21,2021-03-22,2021-03-23,2021-03-24,2021-03-25,2021-03-26,2021-03-27,2021-03-28,2021-03-29,2021-03-30,2021-03-31,2021-04-01,2021-04-02,2021-04-03,2021-04-04,2021-04-05,2021-04-06,2021-04-07,2021-04-08,2021-04-09,2021-04-10,2021-04-11,2021-04-12,2021-04-13,2021-04-14,2021-04-15,2021-04-16,2021-04-17,2021-04-18,2021-04-19,2021-04-20,2021-04-21,2021-04-22,2021-04-23,2021-04-24,2021-04-25,2021-04-26,2021-04-27,2021-04-28,2021-04-29,2021-04-30,2021-05-01,2021-05-02,2021-05-03,2021-05-04,2021-05-05,2021-05-06,2021-05-07,2021-05-08,2021-05-09,2021-05-10,2021-05-11,2021-05-12,2021-05-13,2021-05-14,2021-05-15,2021-05-16,2021-05-17,2021-05-18,2021-05-19,2021-05-20,2021-05-21,2021-05-22,2021-05-23,2021-05-24,2021-05-25,2021-05-26,2021-05-27,2021-05-28,2021-05-29,2021-05-30,2021-05-31,2021-06-01,2021-06-02,2021-06-03,2021-06-04,2021-06-05,2021-06-06,2021-06-07,2021-06-08,2021-06-09,2021-06-10,2021-06-11,2021-06-12,2021-06-13,2021-06-14,2021-06-15,2021-06-16,2021-06-17,2021-06-18,2021-06-19,2021-06-20,2021-06-21,2021-06-22,2021-06-23,2021-06-24,2021-06-25,2021-06-26,2021-06-27,2021-06-28,2021-06-29,2021-06-30,2021-07-01,2021-07-02,2021-07-03,2021-07-04,2021-07-05,2021-07-06,2021-07-07,2021-07-08,2021-07-09,2021-07-10,2021-07-11,2021-07-12,2021-07-13,2021-07-14,2021-07-15,2021-07-16,2021-07-17,2021-07-18,2021-07-19,2021-07-20,2021-07-21,2021-07-22,2021-07-23,2021-07-24,2021-07-25,2021-07-26,2021-07-27,2021-07-28,2021-07-29,2021-07-30,2021-07-31,2021-08-01,2021-08-02,2021-08-03,2021-08-04,2021-08-05,2021-08-06,2021-08-07,2021-08-08,2021-08-09,2021-08-10,2021-08-11,2021-08-12,2021-08-13,2021-08-14,2021-08-15,2021-08-16,2021-08-17,2021-08-18,2021-08-19,2021-08-20,2021-08-21,2021-08-22,2021-08-23,2021-08-24,2021-08-25,2021-08-26,2021-08-27,2021-08-28,2021-08-29,2021-08-30,2021-08-31,2021-09-01,2021-09-02,2021-09-03,2021-09-04,2021-09-05,2021-09-06,2021-09-07,2021-09-08,2021-09-09,2021-09-10,2021-09-11,2021-09-12,2021-09-13,2021-09-14,2021-09-15,2021-09-16,2021-09-17,2021-09-18,2021-09-19,2021-09-20,2021-09-21,2021-09-22,2021-09-23,2021-09-24,2021-09-25,2021-09-26,2021-09-27,2021-09-28,2021-09-29,2021-09-30,2021-10-01,2021-10-02,2021-10-03,2021-10-04,2021-10-05,2021-10-06,2021-10-07,2021-10-08,2021-10-09,2021-10-10,2021-10-11,2021-10-12,2021-10-13,2021-10-14,2021-10-15,2021-10-16,2021-10-17,2021-10-18,2021-10-19,2021-10-20,2021-10-21,2021-10-22,2021-10-23,2021-10-24,2021-10-25,2021-10-26,2021-10-27,2021-10-28,2021-10-29,2021-10-30,2021-10-31,2021-11-01,2021-11-02,2021-11-03,2021-11-04,2021-11-05,2021-11-06,2021-11-07,2021-11-08,2021-11-09,2021-11-10,2021-11-11,2021-11-12,2021-11-13,2021-11-14,2021-11-15,2021-11-16,2021-11-17,2021-11-18,2021-11-19,2021-11-20,2021-11-21,2021-11-22,2021-11-23,2021-11-24,2021-11-25,2021-11-26,2021-11-27,2021-11-28,2021-11-29,2021-11-30,2021-12-01,2021-12-02,2021-12-03,2021-12-04,2021-12-05,2021-12-06,2021-12-07,2021-12-08,2021-12-09,2021-12-10,2021-12-11,2021-12-12,2021-12-13,2021-12-14,2021-12-15,2021-12-16,2021-12-17,2021-12-18,2021-12-19,2021-12-20,2021-12-21,2021-12-22,2021-12-23,2021-12-24,2021-12-25,2021-12-26,2021-12-27,2021-12-28,2021-12-29,2021-12-30,2021-12-31,2022-01-01,2022-01-02,2022-01-03,2022-01-04,2022-01-05,2022-01-08,2022-01-10,2022-01-11,2022-01-12,2022-01-13,2022-01-14,2022-01-15,2022-01-16,2022-01-17,2022-01-18,2022-01-19,2022-01-20,2022-01-21,2022-01-22,2022-01-23,2022-01-24,2022-01-25,2022-01-26,2022-01-27,2022-01-28,2022-01-29,2022-01-30,2022-01-31,2022-02-01,2022-02-02,2022-02-03,2022-02-04,2022-02-05,2022-02-06,2022-02-07,2022-02-08,2022-02-09,2022-02-10,2022-02-11,2022-02-12,2022-02-13,2022-02-14,2022-02-15,2022-02-16,2022-02-17,2022-02-18,2022-02-19,2022-02-20,2022-02-21,2022-02-22,2022-02-23,2022-02-24,2022-02-25,2022-02-26,2022-02-27,2022-02-28,2022-03-01,2022-03-02,2022-03-03,2022-03-04,2022-03-05,2022-03-06,2022-03-07,2022-03-09,2022-03-10,2022-03-11,2022-03-12,2022-03-13,2022-03-14,2022-03-15,2022-03-16,2022-03-17,2022-03-18,2022-03-19,2022-03-20,2022-03-21,2022-03-22,2022-03-23,2022-03-24,2022-03-25,2022-03-26,2022-03-27,2022-03-28,2022-03-29,2022-03-30,2022-03-31,2022-04-01,2022-04-02,2022-04-03,2022-04-04,2022-04-05
nursultan,10,2,3,14,6,2,11,8,17,13,15,5,3,7,18,16,13,19,17,13,29,15,20,22,15,23,20,24,33,27,31,29,28,19,31,35,34,45,49,29,22,37,47,51,86,48,44,33,79,81,53,63,59,40,25,50,77,71,73,83,54,40,66,41,88,80,69,67,41,106,121,118,99,88,67,47,86,111,54,55,68,58,106,75,118,60,59,61,57,70,107,120,75,67,63,58,68,114,122,76,70,54,55,67,114,123,74,121,128,125,124,198,237,231,235,229,211,91,147,125,124,139,112,61,76,130,153,120,161,0,75,74,138,131,109,95,53,92,53,99,105,136,127,53,72,60,68,85,135,137,92,42,65,68,84,132,136,92,42,61,143,94,112,152,173,157,127,203,307,285,280,237,203,161,152,195,185,365,382,346,204,356,512,427,438,476,368,242,372,578,446,548,591,398,337,465,650,601,653,636,436,401,471,574,511,547,498,475,294,439,584,566,570,429,352,250,285,398,586,477,324,324,249,310,389,452,440,400,284,251,264,439,386,351,322,179,174,293,297,246,290,216,172,142,218,272,222,181,210,120,73,203,222,205,286,257,215,181,294,343,372,367,342,215,323,413,568,506,628,628,435,370,678,807,764,797,791,799,710,799,794,796,798,914,950,978,1128,1576,1549,1547,1419,1367,1282,1277,1369,1381,1522,1501,1510,1537,1531,1571,1555,1518,1507,1489,1270,1351,1434,1507,1493,1496,1452,1161,1153,1384,1276,998,950,943,632,735,824,918,951,829,650,422,505,601,617,602,590,522,376,268,315,318,308,302,330,327,326,329,320,317,316,325,324,326,339,338,304,302,299,190,187,191,181,185,184,186,183,196,249,284,252,289,288,287,290,281,297,294,292,280,271,240,270,248,236,256,238,149,180,185,178,172,165,157,116,132,130,136,137,135,151,145,140,110,104,105,104,115,109,125,127,121,103,102,112,110,126,125,118,102,113,110,108,123,128,122,106,117,112,108,125,130,127,103,114,102,105,122,104,97,100,68,81,53,62,75,97,88,72,66,74,65,85,98,83,77,65,76,68,85,110,85,84,70,75,76,1556,2761,1494,3312,5118,5548,5788,5826,4639,3702,4874,5050,5006,4214,3460,2512,1648,2352,2852,2124,1930,1441,1194,421,822,907,749,684,412,366,186,359,305,217,195,199,112,64,112,127,99,75,61,31,26,69,43,32,44,15,16,14,21,15,24,18,14,9,12,7,10,9,8,8,3,10,8,6,5,5,4,1,0,0,1,2,1,2,1,6,5,2,3,3,1,3
almaty,4,4,2,1,1,5,6,10,11,10,9,5,9,10,10,12,13,9,10,12,13,11,44,20,20,15,10,9,12,18,21,24,21,25,23,25,30,32,28,26,24,30,30,39,77,45,42,36,35,43,91,84,52,42,46,43,77,74,84,73,70,52,42,72,64,63,71,67,65,68,74,75,82,80,72,74,77,77,66,65,51,72,80,88,90,95,110,85,83,80,81,87,110,118,103,105,92,94,105,128,135,116,120,110,111,122,131,121,115,97,79,112,115,130,130,131,135,132,139,138,122,90,115,116,87,113,111,112,120,0,114,118,91,95,108,116,110,102,107,91,105,103,112,102,101,111,93,100,110,105,99,96,102,105,121,134,135,185,141,118,160,197,237,293,360,342,297,307,318,366,437,353,410,395,380,341,330,450,510,415,545,526,515,595,647,572,611,585,620,710,717,715,709,610,598,612,657,673,680,677,665,682,667,695,698,694,682,693,689,698,695,675,697,685,667,658,645,651,689,646,637,570,430,391,597,557,585,591,549,520,525,534,510,521,519,398,348,310,290,279,252,238,230,195,208,203,184,161,154,143,125,138,126,137,124,111,96,65,112,109,105,115,121,115,110,117,186,181,217,217,209,126,253,305,353,385,391,396,277,299,340,420,491,620,638,535,640,850,885,891,884,798,629,710,993,996,1080,1191,1219,1207,1250,1450,1680,1511,1535,1540,1531,1558,1570,1507,1506,1516,1503,1486,1493,1510,1507,1519,1511,1503,1517,1403,1570,1555,1625,1613,1615,1505,1590,1605,1561,1506,1491,1489,1309,1259,1264,1287,1267,1169,1085,957,911,976,931,889,869,719,611,612,704,651,568,577,506,415,498,549,547,510,491,485,413,426,510,498,485,440,429,328,419,423,412,369,344,326,238,269,350,333,351,320,318,250,312,309,292,234,227,231,239,230,226,222,227,221,206,145,166,211,198,177,211,135,79,134,131,146,149,137,143,114,119,128,123,116,114,127,119,123,119,105,110,85,65,34,53,60,53,59,74,66,46,54,51,55,34,38,14,19,38,39,32,29,27,30,31,35,37,39,44,36,41,49,52,62,75,73,87,74,65,93,523,276,80,210,1205,1115,1549,1798,1578,1198,1580,2025,2057,2179,2516,1953,1501,2126,2491,2307,2253,1979,1556,1037,1336,1549,1602,1182,1273,1146,445,964,938,530,519,488,382,480,580,429,520,301,263,203,172,206,158,144,142,110,95,94,90,80,68,66,52,55,49,22,33,40,41,31,24,32,33,15,20,19,17,15,9,8,8,11,10,12,11,9,8,7,9,8,7,7
shyment,0,0,1,1,0,0,2,2,3,0,4,1,4,0,2,0,2,0,2,3,0,3,1,2,3,0,1,3,2,1,6,2,0,0,1,8,5,3,6,3,1,3,8,4,5,5,0,5,6,7,5,8,5,2,1,3,11,4,6,6,4,2,9,5,9,5,3,2,2,4,4,7,14,1,4,3,4,4,2,0,3,0,5,6,7,3,10,7,4,2,6,5,5,4,0,1,6,2,12,18,15,29,20,8,11,14,25,17,13,19,7,10,14,14,8,8,9,7,10,13,9,17,15,9,7,13,9,9,4,0,5,8,17,20,9,7,5,13,7,6,8,10,11,8,13,6,6,15,12,12,24,7,17,12,52,27,13,7,8,0,2,18,9,25,7,21,17,28,23,36,19,15,27,11,21,22,35,34,40,45,13,47,51,96,66,63,48,30,72,81,72,85,88,53,20,74,111,119,121,126,114,49,80,112,131,110,114,96,35,90,114,105,105,117,109,65,80,70,139,115,85,45,75,69,82,125,102,101,86,30,81,109,79,74,63,77,27,62,91,63,52,49,39,20,46,54,46,49,50,31,21,31,58,40,29,30,42,4,50,31,37,45,42,59,17,64,47,50,73,73,91,33,103,143,103,131,169,161,103,127,133,210,246,312,264,169,342,416,421,368,370,470,388,412,418,488,507,499,520,382,421,445,452,477,585,650,575,502,535,549,538,552,565,570,574,515,532,565,572,560,450,410,418,415,328,336,147,147,220,260,275,246,217,96,137,140,180,223,207,161,79,106,145,150,160,151,115,95,99,128,122,102,96,109,81,43,99,125,122,73,126,41,49,125,126,79,105,67,28,54,73,68,55,54,53,28,37,63,81,71,59,56,16,33,40,52,41,44,48,21,25,38,46,34,44,35,9,19,35,46,23,32,31,10,16,24,29,32,31,19,4,18,20,20,20,17,22,5,14,19,11,16,14,5,7,3,13,6,15,5,7,0,4,4,12,1,3,12,5,5,5,4,1,8,0,1,3,8,9,8,4,6,3,7,14,11,19,18,35,17,61,49,206,203,141,221,320,370,380,435,343,310,450,420,444,435,315,180,85,157,168,154,130,126,26,40,77,75,56,56,52,19,23,30,37,28,25,19,7,13,15,8,19,6,9,2,4,5,6,6,13,1,2,3,2,2,8,4,8,3,3,4,2,4,1,1,4,3,1,0,2,0,0,1,0,0,0,0,0,0,0,0,2,0,1,0,0,1
akmola,0,2,3,4,4,4,2,4,4,4,4,4,5,6,7,6,6,6,5,6,6,9,10,10,12,14,12,8,10,20,39,27,27,28,28,29,30,38,43,42,44,45,39,37,35,34,35,33,41,42,48,59,56,61,68,69,75,76,74,86,91,90,90,89,90,77,83,60,60,60,66,67,69,72,71,68,65,59,57,58,59,58,56,59,57,58,56,55,54,55,54,55,57,58,59,58,59,58,60,59,58,60,59,60,63,59,68,78,79,99,109,108,132,163,209,237,219,215,213,209,206,205,201,197,195,170,168,164,153,0,118,98,95,87,79,75,69,64,72,79,72,86,77,81,73,65,63,61,74,70,70,75,78,69,51,57,59,65,68,72,66,52,55,50,57,61,63,60,55,50,53,49,51,53,49,45,50,48,46,52,45,38,48,50,48,46,52,60,73,98,101,99,103,108,90,98,85,90,89,102,98,101,92,97,126,147,148,150,146,139,140,150,148,146,136,137,135,101,137,135,136,130,114,92,104,130,147,149,153,139,131,129,137,134,135,140,133,130,129,127,126,100,80,79,77,76,75,77,75,70,62,59,48,50,52,45,43,36,32,37,38,33,37,36,33,32,36,33,32,32,51,44,48,50,88,98,105,130,124,126,129,119,108,131,139,140,148,160,175,180,176,178,180,177,186,189,193,194,192,195,210,238,272,253,256,268,259,257,259,260,263,256,256,263,265,276,278,279,280,283,285,284,286,287,283,281,278,274,265,263,261,258,260,257,259,251,246,248,241,236,234,221,217,201,203,202,198,194,187,185,178,170,165,130,135,147,148,143,128,115,99,96,72,49,45,50,55,51,53,54,56,67,43,77,98,112,110,115,120,123,121,125,122,126,129,146,143,148,136,134,126,121,138,142,133,127,120,118,105,121,109,96,97,89,76,70,87,98,88,85,79,67,57,72,78,81,83,71,66,62,63,70,80,83,75,63,69,63,55,61,64,69,65,62,64,60,58,48,59,65,58,61,58,63,48,38,39,42,43,46,49,47,48,46,36,34,36,37,40,42,37,39,107,61,27,48,138,290,330,347,400,378,420,750,1200,1017,1006,1015,998,976,907,901,877,802,715,691,691,607,507,468,360,288,118,177,250,210,180,128,108,75,54,56,57,53,42,30,23,22,28,20,18,15,10,7,9,7,6,7,6,4,9,4,2,3,2,1,3,1,2,1,3,2,2,0,0,0,0,1,1,1,1,0,1,0,0,0,0,0
aktobe,3,2,1,0,0,0,0,1,1,0,3,0,0,1,3,3,2,2,1,1,3,5,2,0,1,4,2,4,2,12,6,10,4,5,5,6,6,4,8,9,2,7,8,10,7,3,7,8,3,4,4,3,6,8,8,6,7,5,6,1,3,4,0,5,9,9,10,10,0,8,5,9,7,13,10,2,3,12,4,11,8,6,5,8,4,11,1,7,4,2,5,9,5,10,4,3,4,10,8,12,3,9,10,3,1,13,4,7,7,21,4,18,10,17,11,10,9,0,6,10,12,6,18,5,3,5,18,12,12,0,5,1,14,8,8,23,11,13,4,10,19,20,14,13,13,0,9,23,16,12,11,6,5,12,23,28,35,17,13,3,6,14,39,29,12,18,9,25,32,26,46,37,39,40,28,50,54,50,62,61,73,82,86,127,137,82,61,153,121,117,116,166,202,105,85,100,109,120,161,200,206,121,125,117,226,139,165,125,65,83,128,130,117,140,118,27,71,86,87,89,60,68,24,50,87,102,90,89,50,24,68,120,72,68,82,34,20,36,64,53,41,52,32,11,20,41,27,28,24,22,0,16,30,20,19,17,12,6,22,25,34,21,32,19,7,32,40,29,31,31,39,10,56,66,63,35,78,69,42,63,67,77,104,102,55,36,137,204,215,205,179,159,88,142,192,230,250,229,255,175,191,230,302,332,251,238,356,365,403,387,407,344,393,223,304,364,416,434,440,336,300,375,401,426,450,417,382,166,388,420,452,420,320,264,123,263,302,339,324,293,67,189,207,222,300,178,187,140,104,150,240,224,210,146,106,58,118,133,137,129,93,62,44,90,141,97,82,88,38,26,70,111,51,67,60,46,28,77,78,99,50,33,25,15,54,43,46,42,44,25,30,45,53,54,35,37,37,10,18,25,48,24,25,9,4,22,18,20,22,14,15,14,11,20,19,20,16,18,10,13,14,12,10,13,14,8,4,7,1,9,8,6,1,2,3,1,7,3,2,6,5,4,0,0,1,1,3,4,3,4,2,5,0,1,0,3,0,2,5,5,2,14,66,62,34,75,225,323,300,229,285,285,366,459,586,593,414,317,409,467,513,479,408,268,78,195,243,247,237,149,83,66,32,47,60,66,46,29,22,7,17,36,10,8,14,9,1,7,6,4,5,2,0,1,1,2,1,3,2,0,2,1,3,3,0,0,3,1,1,0,0,0,0,0,0,0,0,0,0,2,1,1,0,0,0,0,0,0
almaty_region,3,5,3,4,0,2,2,4,3,3,0,0,0,4,4,5,5,7,4,4,14,11,6,10,12,8,5,13,5,19,14,11,2,17,13,7,10,9,11,13,17,14,16,16,20,28,25,24,17,33,25,22,26,12,20,22,30,21,23,33,32,34,29,24,25,40,40,28,23,22,38,45,55,62,48,37,49,49,43,45,25,41,40,49,60,61,60,62,57,66,61,51,51,47,49,38,39,52,61,56,55,62,63,75,61,56,69,89,92,94,93,92,82,78,83,92,79,71,64,71,75,83,70,62,75,53,70,71,65,0,47,50,48,48,76,63,53,61,49,36,61,57,46,59,37,36,39,40,72,64,69,70,48,51,64,47,51,61,68,38,28,45,76,90,86,92,99,91,86,91,93,94,95,94,109,104,108,105,110,120,177,191,220,239,258,278,255,278,280,325,254,369,355,283,263,226,220,232,248,243,251,285,281,240,195,205,246,220,264,268,185,180,210,275,180,180,189,200,229,186,208,185,125,162,216,222,202,209,125,109,114,166,140,179,143,104,106,96,90,97,102,76,89,60,54,65,53,65,60,54,59,40,64,55,50,46,29,30,31,41,37,35,28,13,27,28,37,37,41,41,24,43,53,52,59,88,112,92,88,49,86,89,118,114,85,86,134,144,188,178,162,126,147,160,178,230,220,230,194,260,220,270,270,300,334,313,311,315,320,300,350,350,244,270,350,300,300,350,360,370,383,477,423,400,400,400,408,394,358,376,390,436,412,424,359,270,282,295,340,327,279,246,265,330,290,365,332,218,218,240,278,252,264,245,166,254,232,256,270,262,221,162,160,181,212,233,225,198,133,169,145,197,174,188,149,120,112,137,142,189,167,153,107,111,135,158,89,105,131,137,119,88,130,134,103,103,86,89,91,89,130,108,89,34,61,55,81,83,66,72,52,72,60,49,57,55,59,34,22,28,47,52,35,37,34,27,14,23,38,26,22,12,14,19,29,30,16,23,12,12,17,19,8,8,3,4,11,13,16,20,7,19,10,8,14,10,21,14,19,6,10,12,53,49,29,69,133,257,405,418,410,320,329,432,467,562,483,354,396,265,454,455,582,332,305,232,273,358,413,382,294,195,127,202,221,176,214,150,70,91,84,78,104,83,65,27,42,36,21,48,18,15,11,11,8,10,7,11,9,4,7,0,3,3,5,4,2,0,0,1,1,1,0,1,0,1,1,2,0,1,0,3,0,1,1,1,1,0
atyrau,7,3,2,3,1,4,6,8,8,4,5,8,8,9,10,6,8,5,8,10,11,12,9,8,5,3,5,4,4,12,12,5,3,7,9,8,9,15,5,4,7,7,12,12,12,12,14,14,11,17,19,14,13,15,11,8,14,12,15,18,17,19,25,31,28,18,27,29,61,34,28,40,26,50,58,39,60,77,60,95,74,49,62,62,59,62,79,132,133,124,60,116,94,65,81,51,149,101,75,107,92,54,73,74,73,75,85,91,91,71,78,74,82,111,104,96,101,84,70,90,94,31,47,78,52,89,58,44,45,0,43,25,49,21,33,48,30,38,25,38,35,39,34,33,24,28,38,49,28,39,46,14,24,35,21,40,44,53,43,27,40,33,41,42,45,41,48,49,38,36,40,45,41,48,63,65,82,93,81,75,63,75,75,103,110,100,103,64,102,137,149,146,131,110,34,93,113,117,119,127,110,97,114,140,133,128,116,97,55,98,110,80,83,88,75,44,85,83,79,82,74,62,38,70,75,75,80,75,77,48,66,79,87,119,86,84,36,64,75,85,85,64,49,30,82,72,64,59,53,49,29,55,69,63,48,48,43,27,52,62,62,45,47,40,26,50,60,61,89,89,70,66,89,98,103,137,154,149,154,157,149,154,160,256,290,334,320,299,329,342,277,293,291,348,386,489,446,420,420,480,430,424,422,417,415,408,406,381,397,340,366,420,416,627,618,460,470,467,552,526,562,550,450,435,300,287,310,302,307,316,317,315,401,226,126,149,198,195,190,176,120,67,80,127,130,93,90,86,77,93,96,98,98,89,75,29,61,69,68,67,55,53,36,55,69,68,56,50,23,19,46,51,35,43,46,39,13,43,51,46,42,38,42,24,41,48,44,29,34,24,10,30,27,24,22,21,20,19,20,19,22,20,19,12,9,20,24,28,27,20,16,19,21,28,25,20,19,14,5,15,17,13,10,4,13,4,10,8,7,7,8,9,7,15,7,6,4,4,0,5,6,11,4,3,4,5,6,7,8,6,12,2,3,3,10,18,10,10,10,12,20,18,82,75,97,139,243,437,521,598,596,538,584,568,556,553,463,486,567,477,414,354,267,196,168,48,145,149,124,81,79,32,23,46,32,36,23,24,17,4,24,11,10,10,6,11,0,12,9,7,5,3,0,6,7,3,6,0,0,0,0,3,2,8,0,0,1,4,1,1,0,0,0,0,0,0,1,0,0,0,0,0,0,0,0,0,0,0
east_kazakhstan,16,18,18,18,14,16,14,19,16,20,17,11,11,11,12,10,10,11,15,18,19,21,20,25,27,25,30,24,139,205,233,252,245,226,197,222,250,253,353,254,245,237,231,261,248,236,197,221,230,252,242,227,198,188,154,160,164,170,145,135,125,73,141,140,137,131,125,100,71,95,99,129,98,97,78,60,64,69,65,63,60,68,75,71,66,61,41,39,49,51,48,46,41,38,41,48,47,39,42,50,47,37,38,27,37,39,41,52,30,28,47,43,31,41,52,42,31,45,53,39,41,67,79,81,86,81,63,64,48,0,63,86,78,75,64,45,61,53,85,69,71,61,50,55,52,82,73,68,64,48,53,41,55,49,34,39,50,28,21,18,9,18,34,35,24,20,18,14,18,28,25,25,20,29,18,19,19,17,39,38,22,24,34,41,42,37,34,23,39,55,49,59,60,33,20,25,95,106,98,105,85,67,83,93,98,95,99,86,68,78,92,101,97,94,85,77,87,84,108,94,103,87,79,91,87,102,94,93,74,78,77,85,97,94,93,80,73,75,80,95,92,87,79,71,70,85,90,87,88,77,70,65,79,88,85,87,72,67,76,76,90,81,73,75,64,70,78,87,82,82,64,65,71,78,82,83,73,66,55,70,80,78,80,71,68,63,52,79,63,82,81,87,95,93,107,78,101,134,139,333,312,298,261,216,198,193,308,302,288,305,308,244,230,220,228,244,259,192,150,266,256,163,227,203,199,176,158,173,167,211,172,191,175,160,166,161,201,170,182,176,148,169,154,201,167,192,164,158,152,140,136,114,122,103,115,128,103,135,118,115,126,95,119,93,147,124,123,104,100,101,87,140,125,102,101,99,95,74,135,116,119,90,103,85,83,119,105,110,70,102,58,90,111,120,90,53,95,64,75,82,88,85,82,60,50,77,83,93,88,70,55,42,78,77,84,74,80,60,26,42,53,54,57,45,41,30,39,40,25,40,21,16,19,33,35,25,21,22,12,12,20,23,20,19,13,10,14,22,27,22,21,22,12,17,27,14,20,19,14,6,11,16,37,32,24,78,95,31,105,217,213,169,394,542,540,459,593,290,229,354,549,451,407,198,189,183,265,310,285,233,188,109,103,139,157,129,112,96,36,33,75,67,64,50,43,33,20,27,36,25,28,22,16,12,12,12,11,10,6,10,5,2,7,10,4,1,1,6,11,3,4,6,1,2,5,0,2,7,4,5,0,4,2,3,1,2,0,0
jambyl,0,2,0,1,1,1,1,1,2,2,4,3,2,2,2,2,1,1,0,2,3,2,3,2,4,3,3,2,3,3,2,3,3,4,4,4,4,5,4,4,5,5,6,7,6,4,5,6,8,10,11,11,10,10,14,14,14,16,15,14,11,15,15,15,15,16,18,16,18,22,24,24,26,26,28,30,32,33,25,14,6,8,10,12,15,15,15,15,17,18,15,15,12,15,8,9,9,14,15,17,18,19,16,17,10,13,17,20,23,24,25,21,25,19,27,20,18,21,23,24,22,27,24,14,8,15,10,22,10,0,11,12,10,18,10,15,14,16,8,10,11,14,13,19,16,10,18,11,21,20,12,9,5,9,15,17,19,19,15,17,1,17,9,13,16,20,19,14,11,18,13,19,14,17,5,10,12,15,14,19,25,24,26,18,23,25,26,28,31,39,38,39,49,53,51,36,38,40,41,43,46,53,58,69,70,73,71,51,57,69,79,77,71,69,68,58,65,69,75,65,72,51,42,36,37,34,32,33,32,25,21,23,33,31,38,24,18,21,32,17,28,30,24,29,23,17,23,31,22,33,16,17,32,32,19,20,22,22,14,15,18,21,20,13,22,24,21,31,34,34,39,31,25,27,32,37,34,57,60,35,41,38,43,51,66,52,58,71,77,81,57,53,116,105,97,105,108,102,152,141,137,197,215,247,222,250,196,181,160,173,190,200,190,100,140,135,145,149,178,177,171,219,221,265,221,132,191,225,202,193,187,157,129,100,34,78,99,109,110,101,95,82,75,79,75,62,65,58,31,46,69,71,68,63,56,55,53,55,58,56,55,53,56,58,55,53,51,49,47,44,43,46,41,39,19,16,11,25,35,30,23,21,21,13,30,31,35,33,29,25,23,26,24,30,25,22,7,13,11,18,21,18,18,16,15,12,20,15,14,12,9,9,13,11,10,13,11,6,3,5,9,9,8,9,11,8,7,8,10,8,7,8,6,7,6,6,4,2,2,1,1,3,5,4,5,4,4,1,3,4,4,3,2,2,4,6,6,8,6,5,3,4,43,67,46,52,69,104,192,234,257,259,233,257,280,296,214,202,113,194,242,230,302,202,103,58,132,123,93,89,51,61,13,42,65,64,51,54,13,19,15,35,15,14,12,10,11,4,11,14,5,2,3,4,3,3,6,5,5,1,3,4,1,2,2,1,0,0,1,1,2,1,0,0,1,0,0,0,0,0,1,0,0,0,0,0,0,0
west_kazakhstan,3,2,2,1,1,1,2,2,3,3,2,3,5,4,4,5,4,6,6,5,5,6,8,10,8,5,9,8,9,8,13,11,13,13,14,29,49,44,43,45,26,24,28,30,35,40,42,28,37,40,39,44,43,42,33,29,37,41,43,39,44,39,29,34,41,39,41,43,40,34,29,40,38,38,41,43,38,27,36,37,37,40,45,40,27,29,38,34,39,45,43,30,29,35,31,35,45,40,32,43,49,45,46,47,43,40,41,49,46,47,50,45,55,61,74,84,89,97,95,93,104,91,98,87,55,85,109,88,81,0,83,51,84,87,75,62,77,38,47,74,84,83,61,65,39,45,65,82,75,66,63,35,46,64,72,72,69,61,34,39,57,74,71,68,60,32,51,55,64,81,80,87,93,61,74,76,48,87,98,94,76,96,98,104,112,109,105,101,98,125,110,130,127,118,113,115,117,112,114,109,205,237,231,185,181,172,171,166,91,173,153,155,155,157,110,73,129,151,145,142,120,102,108,94,97,123,106,114,97,92,98,105,109,102,91,85,68,87,98,95,99,90,75,56,91,95,89,90,87,60,39,97,89,86,80,82,51,33,89,84,71,73,78,66,13,88,91,70,98,98,127,63,126,121,143,157,173,186,181,189,176,191,198,205,215,142,187,234,259,289,266,204,108,272,170,235,309,271,168,136,197,198,189,159,185,85,115,163,185,168,170,132,111,54,156,169,161,153,147,75,65,132,168,135,133,135,93,58,123,161,130,115,136,86,46,68,140,134,106,112,83,45,83,124,98,109,94,69,31,88,122,103,97,85,67,39,55,99,84,87,62,36,29,54,77,57,82,63,51,21,51,70,53,65,67,45,18,49,66,57,52,55,37,15,40,61,52,51,49,35,12,47,50,48,54,42,29,9,49,52,47,30,52,15,10,27,35,38,36,35,17,7,23,25,37,36,20,16,5,22,25,16,18,22,11,9,27,19,13,15,21,16,5,18,20,16,18,15,10,5,10,10,12,6,7,5,2,10,17,10,11,7,8,2,9,11,6,6,3,2,6,6,67,71,24,79,93,186,246,345,220,151,440,376,410,521,558,372,162,420,451,513,495,503,263,115,346,351,296,231,196,110,43,143,126,107,70,48,36,25,71,31,35,26,20,14,4,14,20,14,12,14,7,2,9,10,9,5,5,6,4,0,9,3,3,0,3,1,1,4,0,0,0,0,0,0,0,0,1,1,0,0,0,0,0,0,0,0
karagandy,6,6,6,9,13,6,3,5,6,12,4,7,6,6,6,7,6,9,9,16,16,16,16,16,10,10,10,12,10,10,16,16,16,16,16,20,20,16,17,16,14,12,16,17,17,17,17,20,18,20,20,20,18,20,15,18,19,21,22,25,25,21,20,21,23,26,27,28,30,30,30,29,30,30,31,32,31,30,31,32,32,30,34,34,35,37,38,37,39,39,40,39,42,40,40,27,26,25,30,35,38,40,40,41,39,40,42,50,57,62,66,72,71,75,78,82,82,79,78,79,80,81,82,86,80,63,80,79,56,0,46,29,69,66,58,60,69,40,30,60,65,57,45,53,40,35,59,62,54,40,53,32,27,46,54,61,40,50,38,35,51,62,68,74,72,84,92,101,100,98,96,75,90,91,90,92,98,85,80,88,92,93,95,144,85,84,88,90,144,160,169,171,210,205,203,197,202,201,205,210,220,217,218,225,228,234,235,240,250,256,258,255,235,237,235,240,239,245,250,246,249,251,262,200,250,348,355,359,346,320,328,326,318,326,349,355,348,319,320,324,260,310,323,259,220,205,254,195,184,171,149,142,160,173,174,171,165,161,160,150,152,149,151,150,153,146,145,147,219,219,297,288,302,394,468,463,496,499,490,395,349,321,325,449,603,596,589,603,746,704,735,689,690,703,698,794,750,768,781,796,920,1011,931,964,974,901,941,895,931,1038,1008,1050,1058,1061,1125,1127,1144,1084,1098,1003,1101,1049,977,954,933,920,913,860,843,821,832,815,750,624,551,450,648,622,556,504,492,398,350,549,581,390,405,379,381,340,463,392,388,374,340,304,396,431,340,261,201,184,175,174,170,120,152,160,179,174,169,172,157,161,154,149,157,158,163,155,161,152,149,148,154,150,139,161,153,142,139,152,140,136,120,151,138,131,145,129,134,117,129,111,109,140,119,135,110,123,112,105,135,115,130,104,114,109,110,131,107,128,101,97,106,103,128,105,125,98,96,101,97,129,101,115,82,95,90,81,74,105,112,93,87,80,70,49,45,58,59,53,51,65,56,58,53,50,49,47,38,46,145,92,51,75,669,820,1521,1793,1356,1371,2669,2944,2497,2104,2036,1866,1245,2058,2209,2043,1797,1298,954,729,1063,1201,611,623,632,295,209,371,310,247,242,194,74,75,124,123,98,96,72,54,47,33,47,41,42,35,20,14,27,41,16,6,6,6,12,9,7,6,5,1,3,12,3,4,3,3,1,5,1,1,1,5,1,0,1,3,1,1,0,1,0,1
kostanay,2,2,2,2,2,2,2,3,3,3,4,4,4,4,3,4,4,5,4,5,5,5,6,7,6,6,7,7,7,8,12,13,13,15,17,18,49,55,57,60,63,61,57,53,52,52,51,57,58,60,63,72,75,77,70,66,63,75,77,85,87,88,84,82,85,87,78,77,75,74,73,72,74,75,74,72,70,70,68,67,66,65,65,67,65,65,64,63,62,61,60,58,58,60,59,58,57,56,59,65,64,64,63,62,75,74,73,73,72,74,72,68,67,125,170,177,137,104,141,140,137,110,102,88,85,84,85,83,82,0,81,80,81,78,79,77,75,73,71,70,69,69,68,69,67,67,68,67,65,64,63,62,62,61,61,59,57,51,50,50,49,50,49,48,48,49,47,46,45,44,44,43,42,41,41,40,40,39,40,39,38,37,37,36,35,35,35,34,34,33,33,32,33,31,30,29,28,28,29,29,30,31,32,33,31,30,28,27,26,25,25,26,28,27,27,26,26,25,24,24,24,25,25,25,26,27,28,30,32,33,35,37,38,40,41,41,40,40,41,42,43,41,41,40,39,39,38,38,37,37,36,36,35,35,34,34,33,33,32,33,32,32,33,32,31,30,30,34,36,36,45,45,47,51,52,53,53,54,54,53,54,54,53,81,92,95,98,104,116,123,124,126,133,141,149,156,167,178,181,209,213,224,231,245,252,256,261,270,279,265,275,220,237,248,257,264,271,278,274,289,273,267,264,261,259,297,291,272,269,265,262,256,271,256,245,239,237,232,231,227,215,203,187,178,176,172,170,159,156,147,142,140,131,124,115,107,102,105,104,103,103,104,102,104,106,108,109,109,107,104,101,97,96,97,97,96,97,98,97,96,107,111,114,103,117,123,128,131,133,112,83,110,126,131,134,130,115,79,114,132,137,134,128,119,83,102,111,116,118,115,113,79,98,110,112,113,109,107,72,89,101,106,107,102,99,68,81,89,80,77,82,71,30,68,71,74,58,70,60,14,38,57,54,35,44,16,8,36,51,45,42,39,17,7,26,33,39,36,24,7,8,13,73,26,3,39,94,97,104,179,214,33,291,402,420,434,244,265,323,348,490,583,595,611,586,453,462,503,545,549,391,298,175,212,250,205,177,146,115,45,87,101,105,97,73,64,24,42,44,49,46,45,29,18,25,16,29,31,18,11,6,2,11,5,9,2,1,4,5,4,2,4,2,1,0,0,2,2,2,1,0,2,1,1,2,3,1,0
kyzylorda,0,1,1,0,0,0,1,0,0,0,0,0,0,0,0,0,3,0,0,1,0,1,2,0,0,0,0,1,6,3,0,0,0,0,0,0,0,0,0,0,0,0,2,2,2,0,0,1,0,5,0,6,4,1,0,1,3,0,0,1,0,3,1,2,0,1,2,2,0,1,2,4,3,3,7,4,9,2,2,1,1,1,4,8,2,4,8,6,1,1,3,8,6,2,7,3,6,8,7,4,6,0,8,6,3,11,9,8,3,5,5,7,6,10,3,16,9,3,11,13,12,11,6,9,8,3,7,3,2,0,7,10,9,9,4,18,17,13,4,5,6,17,9,7,12,9,14,11,8,6,6,8,6,14,10,13,5,0,6,0,3,1,4,5,0,2,1,3,4,4,3,4,4,4,10,4,0,24,11,13,9,13,15,27,32,38,18,39,25,22,43,42,42,35,51,32,65,75,75,58,35,45,47,72,71,69,57,82,52,57,77,70,87,44,93,73,69,32,58,33,52,22,27,28,30,31,41,34,16,35,24,39,36,27,19,43,13,10,21,13,19,17,15,9,7,8,9,11,7,9,8,6,10,18,13,11,25,15,7,26,20,22,20,16,30,28,29,31,28,28,33,17,14,35,49,33,56,33,30,43,47,46,50,54,64,60,70,84,110,112,140,127,120,108,139,129,170,179,168,163,150,175,220,257,201,206,210,198,205,194,200,181,205,228,218,204,219,220,139,166,148,150,232,233,162,185,124,97,98,151,206,177,130,106,65,76,133,112,145,122,79,50,98,92,79,79,85,51,44,69,77,64,48,67,41,32,45,56,62,49,51,26,18,47,57,56,45,39,17,12,32,39,36,43,35,14,13,28,42,29,31,35,22,14,31,35,38,40,30,26,11,34,40,46,39,27,26,15,24,37,19,26,32,15,7,19,22,24,31,23,18,7,18,15,19,12,6,6,5,4,5,13,10,6,5,6,5,11,5,6,7,4,2,7,7,4,5,4,3,1,5,7,5,4,2,1,3,6,3,4,8,1,2,1,1,4,4,2,3,4,4,25,76,51,37,125,268,318,320,343,270,143,236,399,370,286,183,124,74,134,134,124,97,70,55,20,49,48,38,40,18,20,9,16,32,12,11,16,12,1,5,3,6,8,2,3,1,2,6,1,2,6,0,2,3,4,1,0,0,0,1,0,1,1,0,0,1,0,0,0,1,0,0,0,0,0,0,0,0,0,0,0,0,0,0,0,1,1
mangistau,0,0,0,1,0,2,0,3,3,6,2,5,0,1,4,3,0,1,1,0,1,2,2,1,6,1,3,3,0,1,6,5,2,0,0,0,0,0,3,0,0,2,1,3,1,1,0,0,2,2,0,2,2,2,0,2,3,0,3,0,1,0,1,5,4,0,5,5,1,3,9,9,9,9,10,5,9,10,10,10,12,13,17,18,18,12,7,19,2,4,11,19,9,14,11,13,11,7,5,8,11,10,10,0,15,10,10,7,17,17,2,17,17,16,11,11,11,2,10,15,16,11,13,10,8,9,16,17,15,0,7,0,1,7,7,3,10,7,3,5,4,5,11,9,3,0,5,5,2,5,7,4,1,12,10,11,7,9,2,3,3,4,0,3,3,0,2,11,8,6,5,18,13,2,1,5,2,10,5,10,0,13,19,22,25,24,31,11,11,43,33,31,30,37,9,31,52,35,76,33,80,29,65,108,67,57,55,50,28,55,62,57,60,58,58,3,42,60,60,57,35,55,13,41,37,46,40,65,39,13,56,63,60,43,50,35,16,46,47,42,36,52,36,8,53,46,44,31,48,28,9,20,45,47,35,25,34,7,21,39,30,34,28,15,12,46,36,41,39,39,35,25,50,81,107,142,186,196,83,104,154,111,137,116,126,141,180,189,208,180,210,203,189,146,207,205,255,245,258,254,267,220,230,236,254,224,181,223,225,200,240,240,214,177,212,218,213,209,173,143,152,200,216,238,234,153,219,242,202,190,200,213,223,154,109,250,239,238,235,219,209,192,188,185,183,162,139,123,86,70,57,40,33,16,14,8,18,38,23,13,17,10,2,15,16,19,8,7,4,7,6,10,12,12,14,14,3,14,7,7,11,8,4,7,9,14,9,9,13,17,2,7,13,11,10,10,2,4,5,5,4,10,5,6,3,12,12,6,13,8,13,3,7,5,12,3,4,1,2,6,6,9,7,4,2,3,2,5,1,5,4,0,6,4,5,2,0,1,3,2,9,5,1,2,1,3,4,1,2,4,3,1,0,2,5,0,3,4,2,3,6,7,53,52,28,156,179,200,234,232,172,216,233,250,256,256,189,134,177,173,128,154,147,101,53,66,46,67,47,31,22,15,15,12,15,20,13,9,5,4,5,5,0,5,7,4,1,12,15,8,5,2,0,0,1,0,4,2,0,2,1,0,0,0,0,0,0,0,1,0,1,0,0,7,0,1,1,0,0,0,0,1,0,0,0,0,0,0
pavlodar,7,6,4,3,7,5,4,7,9,9,8,6,1,5,11,12,11,13,11,11,10,12,20,16,13,12,14,14,12,23,25,27,30,40,41,50,68,64,63,61,47,52,49,49,49,50,49,50,61,65,85,95,93,98,108,112,110,107,117,120,121,94,106,99,106,112,110,106,104,98,98,90,83,80,73,71,80,88,98,95,80,75,68,66,60,93,90,79,65,58,65,72,94,113,92,72,40,55,75,87,114,113,65,23,48,70,75,110,135,155,150,151,140,235,226,220,217,197,219,221,296,267,252,246,238,235,230,225,223,0,222,208,195,180,163,150,130,101,80,100,114,103,111,100,96,93,90,80,78,79,80,82,77,79,81,78,75,67,65,63,56,53,52,50,50,46,43,45,44,47,46,40,37,33,29,25,28,35,53,46,30,20,17,21,31,41,54,31,25,28,38,37,42,48,57,41,45,43,35,37,50,58,47,55,48,54,57,75,87,103,112,146,165,176,143,125,116,123,119,127,121,125,119,111,109,102,98,72,87,92,97,107,105,93,80,73,75,87,97,105,96,80,65,60,58,63,61,59,58,55,51,48,41,37,42,44,50,47,43,41,44,39,35,40,43,46,40,49,35,35,18,45,56,64,59,65,71,87,105,118,126,123,130,137,142,134,143,156,178,185,175,170,179,185,197,203,211,225,202,207,225,251,275,280,300,280,292,307,303,303,300,301,295,286,291,297,329,323,315,311,330,323,388,351,373,331,320,312,317,338,342,335,326,330,296,260,265,268,263,258,255,221,218,229,220,205,213,204,197,184,195,198,202,210,192,183,188,192,190,183,175,164,155,144,136,130,121,110,122,115,120,140,153,165,159,163,155,150,154,168,177,172,168,159,164,186,202,225,234,230,213,223,252,236,221,217,198,168,156,142,143,146,142,139,133,127,138,129,134,128,125,120,123,118,115,118,115,110,100,102,105,97,95,93,92,90,89,91,87,83,79,77,74,78,81,76,73,69,66,57,65,67,64,59,56,51,44,47,51,48,45,42,44,37,38,44,39,36,31,33,27,25,111,69,39,46,85,150,223,320,345,375,515,710,865,916,1014,980,703,910,1153,1140,970,900,880,803,784,758,679,590,467,345,250,237,285,220,195,166,157,141,129,120,96,80,73,57,50,43,47,36,29,26,23,19,14,15,17,12,9,6,7,8,9,7,4,1,0,3,1,0,1,1,0,1,2,1,1,3,0,0,0,1,1,0,2,0,0,0
north_kazakhstan,6,10,13,9,9,9,8,9,14,12,13,11,12,12,14,14,12,9,9,8,8,9,10,10,9,9,11,12,13,17,21,30,35,34,33,32,25,29,32,42,46,30,35,43,51,54,57,61,74,79,85,87,91,96,105,112,114,117,119,105,108,110,107,97,90,84,59,68,75,70,72,72,71,67,68,70,65,65,64,64,66,63,62,64,63,61,62,59,57,60,58,59,57,58,57,56,57,55,56,57,55,54,52,52,54,59,50,53,54,55,71,76,78,91,116,113,107,110,108,117,109,115,96,85,79,76,70,64,62,0,69,61,68,65,62,59,49,42,37,40,32,39,31,36,38,40,39,30,38,30,35,38,37,25,39,37,28,32,36,24,16,19,38,21,28,17,12,27,21,35,20,25,16,13,12,7,7,21,19,21,25,21,17,5,17,18,20,24,20,16,49,44,46,36,31,33,26,42,43,45,35,27,29,27,41,42,43,34,26,29,27,35,25,33,19,6,13,29,23,32,15,11,12,15,35,25,24,14,12,11,14,33,23,29,13,42,45,39,38,40,35,25,40,41,37,26,20,10,17,10,13,11,17,21,16,16,13,5,14,21,16,22,6,13,15,13,25,25,21,21,11,15,13,20,27,20,19,12,30,42,45,38,40,28,31,55,73,86,95,98,95,91,94,97,99,110,123,141,133,142,134,145,152,155,151,157,147,141,151,160,155,158,158,156,157,159,170,165,170,163,161,158,166,171,164,168,159,131,122,110,169,120,88,74,76,77,75,70,68,87,74,76,79,81,72,67,87,73,75,78,80,72,67,86,72,76,78,79,71,67,86,71,76,77,78,70,67,86,72,93,98,108,118,129,146,141,122,136,149,157,162,148,132,128,139,151,159,165,146,140,135,147,156,163,172,162,143,137,145,154,163,170,161,142,135,143,155,161,169,157,141,129,134,143,149,155,143,120,99,118,124,138,131,121,103,85,78,82,73,79,75,68,60,77,83,71,77,74,66,57,73,80,69,72,70,64,50,69,74,41,46,39,35,30,31,41,34,42,37,33,27,29,86,22,25,31,59,25,22,78,101,129,143,155,182,197,189,178,263,318,407,453,430,387,341,358,382,369,351,316,297,274,231,217,236,222,199,185,143,95,109,117,108,92,84,72,55,62,68,70,40,35,29,21,28,32,39,37,31,24,43,23,19,17,14,12,5,8,9,4,6,6,1,2,0,0,4,1,3,0,1,2,0,1,0,0,0,2
turkestan,4,0,1,0,0,1,2,6,4,1,0,1,0,1,0,3,0,1,0,0,0,1,0,5,1,2,0,0,1,5,4,0,0,0,0,1,2,1,1,2,1,2,2,4,1,1,3,5,2,2,1,5,5,2,0,5,2,3,4,2,1,5,5,7,5,4,5,4,4,0,5,6,5,3,7,4,7,5,5,7,4,5,5,6,8,9,15,16,10,3,9,6,8,3,9,10,8,12,11,9,13,14,8,20,8,16,21,26,16,10,17,22,18,13,11,16,16,8,10,16,10,19,12,25,19,4,23,9,2,3,7,7,6,12,7,4,4,6,4,4,8,2,7,4,3,5,6,6,3,9,8,1,3,6,12,5,9,5,3,3,3,1,5,4,8,9,9,3,12,13,10,5,13,8,6,5,2,7,6,10,8,7,8,22,16,26,12,16,13,19,23,21,24,27,24,22,28,22,35,48,53,30,56,51,39,41,45,49,51,22,42,45,24,29,21,34,22,36,32,37,35,29,24,26,25,48,41,31,30,17,19,39,37,36,43,38,18,24,39,24,32,22,16,13,16,18,20,17,17,20,8,16,19,13,12,14,22,18,19,12,16,14,26,13,17,21,27,33,27,27,40,35,32,44,38,41,42,45,32,42,30,44,49,54,71,77,76,59,34,93,143,176,160,103,123,101,109,124,145,180,117,132,121,124,183,115,122,110,147,113,130,142,144,105,116,121,108,125,118,103,83,139,106,101,102,65,56,51,64,77,79,71,74,54,45,61,56,70,57,98,53,34,56,53,39,43,46,37,28,34,45,52,40,55,58,25,30,37,34,49,47,50,30,37,58,50,40,43,26,16,22,43,38,35,29,29,19,31,45,43,31,32,24,7,25,33,42,33,35,15,12,31,37,30,41,33,13,16,13,24,31,30,24,4,10,19,27,15,21,13,14,16,15,22,17,8,19,7,3,3,12,11,6,4,5,5,7,6,9,5,6,7,4,5,4,9,8,6,6,2,2,5,4,1,0,0,3,1,3,3,2,0,1,1,2,6,5,5,8,7,13,11,83,63,37,55,129,147,141,131,125,121,117,133,148,147,135,112,123,133,90,93,66,61,25,17,33,34,15,17,11,14,2,17,10,9,11,6,2,1,2,2,5,4,1,3,2,2,1,4,1,3,2,0,0,1,1,3,0,0,0,0,0,3,0,1,0,0,0,0,0,1,0,0,0,0,0,0,0,0,0,0,0,0,0,0,0,0
